object_location,image_small,image_thumb
/objects/jackson_clip.mp3,,
/objects/mathews_clip.mp3,,
/objects/object_list.csv,,
/objects/richardson_clip.mp3,,
/objects/sheppard_clip1.mp3,,
/objects/sheppard_clip2.mp3,,
/objects/taylor_clip.mp3,,
/objects/we5_007.jpg,/objects/small/we5_007_sm.jpg,/objects/thumbs/we5_007_th.jpg
/objects/we5_008.jpg,/objects/small/we5_008_sm.jpg,/objects/thumbs/we5_008_th.jpg
/objects/we5_009.jpg,/objects/small/we5_009_sm.jpg,/objects/thumbs/we5_009_th.jpg
/objects/we5_010.jpg,/objects/small/we5_010_sm.jpg,/objects/thumbs/we5_010_th.jpg
/objects/we5_011.jpg,/objects/small/we5_011_sm.jpg,/objects/thumbs/we5_011_th.jpg
/objects/we5_012.jpg,/objects/small/we5_012_sm.jpg,/objects/thumbs/we5_012_th.jpg
/objects/we5_013.jpg,/objects/small/we5_013_sm.jpg,/objects/thumbs/we5_013_th.jpg
/objects/we5_014.jpg,/objects/small/we5_014_sm.jpg,/objects/thumbs/we5_014_th.jpg
/objects/we5_015.jpg,/objects/small/we5_015_sm.jpg,/objects/thumbs/we5_015_th.jpg
/objects/we5_016.jpg,/objects/small/we5_016_sm.jpg,/objects/thumbs/we5_016_th.jpg
/objects/we5_017.jpg,/objects/small/we5_017_sm.jpg,/objects/thumbs/we5_017_th.jpg
/objects/we5_018.jpg,/objects/small/we5_018_sm.jpg,/objects/thumbs/we5_018_th.jpg
/objects/we5_019.jpg,/objects/small/we5_019_sm.jpg,/objects/thumbs/we5_019_th.jpg
/objects/we5_020.jpg,/objects/small/we5_020_sm.jpg,/objects/thumbs/we5_020_th.jpg
/objects/we5_021.jpg,/objects/small/we5_021_sm.jpg,/objects/thumbs/we5_021_th.jpg
/objects/we5_022.jpg,/objects/small/we5_022_sm.jpg,/objects/thumbs/we5_022_th.jpg
/objects/we5_023.jpg,/objects/small/we5_023_sm.jpg,/objects/thumbs/we5_023_th.jpg
/objects/we5_024.jpg,/objects/small/we5_024_sm.jpg,/objects/thumbs/we5_024_th.jpg
/objects/we5_025.jpg,/objects/small/we5_025_sm.jpg,/objects/thumbs/we5_025_th.jpg
/objects/we5_026.jpg,/objects/small/we5_026_sm.jpg,/objects/thumbs/we5_026_th.jpg
/objects/we5_027.jpg,/objects/small/we5_027_sm.jpg,/objects/thumbs/we5_027_th.jpg
/objects/we5_028.jpg,/objects/small/we5_028_sm.jpg,/objects/thumbs/we5_028_th.jpg
/objects/we5_029.jpg,/objects/small/we5_029_sm.jpg,/objects/thumbs/we5_029_th.jpg
/objects/we5_030.jpg,/objects/small/we5_030_sm.jpg,/objects/thumbs/we5_030_th.jpg
/objects/we5_031.jpg,/objects/small/we5_031_sm.jpg,/objects/thumbs/we5_031_th.jpg
/objects/we5_032.jpg,/objects/small/we5_032_sm.jpg,/objects/thumbs/we5_032_th.jpg
/objects/we5_033.jpg,/objects/small/we5_033_sm.jpg,/objects/thumbs/we5_033_th.jpg
/objects/we5_034.jpg,/objects/small/we5_034_sm.jpg,/objects/thumbs/we5_034_th.jpg
/objects/we5_035.jpg,/objects/small/we5_035_sm.jpg,/objects/thumbs/we5_035_th.jpg
/objects/we5_036.jpg,/objects/small/we5_036_sm.jpg,/objects/thumbs/we5_036_th.jpg
/objects/we5_037.jpg,/objects/small/we5_037_sm.jpg,/objects/thumbs/we5_037_th.jpg
/objects/we5_038.jpg,/objects/small/we5_038_sm.jpg,/objects/thumbs/we5_038_th.jpg
/objects/we5_039.jpg,/objects/small/we5_039_sm.jpg,/objects/thumbs/we5_039_th.jpg
/objects/we5_040.jpg,/objects/small/we5_040_sm.jpg,/objects/thumbs/we5_040_th.jpg
/objects/we5_041.jpg,/objects/small/we5_041_sm.jpg,/objects/thumbs/we5_041_th.jpg
/objects/we5_042.jpg,/objects/small/we5_042_sm.jpg,/objects/thumbs/we5_042_th.jpg
/objects/we5_043.pdf,/objects/small/we5_043_sm.jpg,/objects/thumbs/we5_043_th.jpg
/objects/we5_044.pdf,/objects/small/we5_044_sm.jpg,/objects/thumbs/we5_044_th.jpg
/objects/we5_045.pdf,/objects/small/we5_045_sm.jpg,/objects/thumbs/we5_045_th.jpg
/objects/we5_046.pdf,/objects/small/we5_046_sm.jpg,/objects/thumbs/we5_046_th.jpg
/objects/we5_047.pdf,/objects/small/we5_047_sm.jpg,/objects/thumbs/we5_047_th.jpg
/objects/we5_048.pdf,/objects/small/we5_048_sm.jpg,/objects/thumbs/we5_048_th.jpg
/objects/we5_049.pdf,/objects/small/we5_049_sm.jpg,/objects/thumbs/we5_049_th.jpg
/objects/we5_050.jpg,/objects/small/we5_050_sm.jpg,/objects/thumbs/we5_050_th.jpg
/objects/we5_051.jpg,/objects/small/we5_051_sm.jpg,/objects/thumbs/we5_051_th.jpg
/objects/we5_052.pdf,/objects/small/we5_052_sm.jpg,/objects/thumbs/we5_052_th.jpg
/objects/we5_053.pdf,/objects/small/we5_053_sm.jpg,/objects/thumbs/we5_053_th.jpg
/objects/we5_054.jpg,/objects/small/we5_054_sm.jpg,/objects/thumbs/we5_054_th.jpg
